{"cameraMode":{"drawMode":0,"name":"Shaded","section":"Shading Mode"},"sceneLighting":true,"audioPlay":false,"sceneViewState":{"showFog":true,"showMaterialUpdate":false,"showSkybox":true,"showFlares":true,"showImageEffects":true,"showParticleSystems":true},"in2DMode":false,"pivot":{"x":1.616312026977539,"y":-0.49862098693847659,"z":-1.1946353912353516},"rotation":{"x":-0.0842009037733078,"y":0.9069823622703552,"z":-0.2179296463727951,"w":-0.35042837262153628},"size":46.50054168701172,"orthographic":false}